[
    {
       "restaurantName":"Bronco",
       "address":"39 Rue des Petites Écuries, 75010 Paris",
       "lat":48.8737815,
       "long":2.3501649,
       "ratings":[
          {
             "stars":4,
             "comment":"Un excellent restaurant, j'y reviendrai ! Par contre il vaut mieux aimer la viande.",
             "name":"Antoine",
             "date":"30/08/2020 à 22H13"
          },
          {
             "stars":5,
             "comment":"Tout simplement mon restaurant préféré !",
             "name":"Roger",
             "date":"09/06/2020 à 02H18"
          },
          {
            "stars":4,
            "comment":"La viande était trop bonne !! Bravo au chef !",
            "name":"Marie",
            "date":"17/04/2021 à 23H26"
         }
       ]
    },
    {
       "restaurantName":"Babalou",
       "address":"4 Rue Lamarck, 75018 Paris",
       "lat":48.8865035,
       "long":2.3442197,
       "ratings":[
          {
             "stars":5,
             "comment":"Une minuscule pizzeria délicieuse cachée juste à côté du Sacré choeur !",
             "name":"Julie et Mathieu",
             "date":"16/06/2020 à 19H13"
          },
          {
             "stars":3,
             "comment":"J'ai trouvé ça correct, sans plus",
             "name":"Frédéric",
             "date":"09/09/2019 à 20H15"
          },
          {
              "stars":4,
              "comment":"Sympa en couple, dans un cadre paisible et agréable",
              "name":"Ibrahim",
              "date":"04/03/2020 à 22H13"
          }
       ]
    },
    {
        "restaurantName":"Colline d'Asie",
        "address":"21 Rue André del Sarte, 75018 Paris",
        "lat":48.885835,
        "long":2.345156,
        "ratings":[
           {
              "stars":5,
              "comment":"Très gentille équipe. Très bons plats à des tarifs très très raisonnables! Je recommande ! Une excellente adresse !!!!",
              "name":"Sophie",
              "date":"09/08/2020 à 22H13"
           },
           {
              "stars":3,
              "comment":"Produit de bonne qualité et équipe au top !",
              "name":"Marcelin",
              "date":"09/08/2020 à 22H13"
           },
           {
               "stars":2,
               "comment":"Sans plus, déçu",
               "name":"Micheline",
               "date":"09/08/2020 à 22H13"
           }
        ]
     },
     {
        "restaurantName":"Au Soleil de Montmartre",
        "address":"6 Rue Paul Albert, 75018 Paris",
        "lat":48.8862023488032, 
        "long":2.345119537448218,
        "ratings":[
           {
              "stars":2,
              "comment":"Attente interminable pour avoir la commande, puis les plats. Pourtant personne dans le restaurant !",
              "name":"Eric",
              "date":"09/08/2020 à 22H13"
           },
           {
              "stars":5,
              "comment":"Un lieu très agréable",
              "name":"Rodolfo",
              "date":"09/08/2020 à 22H13"
           },
           {
               "stars":1,
               "comment":"Service abominable !",
               "name":"Franky",
               "date":"09/08/2020 à 22H13"
           }
        ]
     }
 ]

 